{"cameraMode":{"drawMode":0,"name":"Shaded","section":"Shading Mode"},"sceneLighting":false,"audioPlay":false,"sceneViewState":{"showFog":true,"showMaterialUpdate":false,"showSkybox":false,"showFlares":true,"showImageEffects":true,"showParticleSystems":true},"in2DMode":false,"pivot":{"x":-0.02934011071920395,"y":0.05143265798687935,"z":0.0018494129180908204},"rotation":{"x":0.0033093206584453584,"y":0.013496465049684048,"z":-0.0000811410864116624,"w":0.9999228715896606},"size":1.2247449159622193,"orthographic":false}