{"cameraMode":{"drawMode":0,"name":"Shaded","section":"Shading Mode"},"sceneLighting":true,"audioPlay":false,"sceneViewState":{"showFog":true,"showMaterialUpdate":false,"showSkybox":true,"showFlares":true,"showImageEffects":true,"showParticleSystems":true},"in2DMode":false,"pivot":{"x":-6.416481018066406,"y":-2.53800106048584,"z":-5.106544494628906},"rotation":{"x":0.13971592485904694,"y":-0.5370697379112244,"z":0.09078693389892578,"w":0.8269521594047546},"size":11.058713912963868,"orthographic":false}