{"cameraMode":{"drawMode":0,"name":"Shaded","section":"Shading Mode"},"sceneLighting":false,"audioPlay":false,"sceneViewState":{"showFog":true,"showMaterialUpdate":false,"showSkybox":false,"showFlares":true,"showImageEffects":true,"showParticleSystems":true},"in2DMode":false,"pivot":{"x":-13.124968528747559,"y":1.25,"z":-15.441515922546387},"rotation":{"x":0.05994739010930061,"y":-0.10462401807308197,"z":0.006277637556195259,"w":0.9927121996879578},"size":2.359025239944458,"orthographic":false}